Metadata,,,,,,,,,,,,,
GlobalOrientationOffset,0,,,,,,,,,,,,,
SchemaProfile,input_fhs,,,,,,,,,,,,,
DefaultsPath,input/defaults/defaults_template.json,,,,,,,,,,,,,
DefaultAssemblyWall,,,,,,,,,,,,,,
DefaultAssemblyRoof,,,,,,,,,,,,,,
DefaultAssemblyGroundFloor,,,,,,,,,,,,,,
DefaultThermalBridging,0.2,,,,,,,,,,,,,
NumberOfBedrooms,2,,,,,,,,,,,,,
NumberOfWetRooms,3,,,,,,,,,,,,,
GroundFloorArea,35.6,,,,,,,,,,,,,
HeatingControlType,SeparateTempControl,,,,,,,,,,,,,
PartGcompliance,TRUE,,,,,,,,,,,,,
ComplianceValidationEnabled,TRUE,,,,,,,,,,,,,
ScenariosBaseModelEnabled,TRUE,,,,,,,,,,,,,
AirPermeability_test_pressure,Standard,,,,,,,,,,,,,
AirPermeability_test_result,4,,,,,,,,,,,,,
AirPermeability_ventilation_zone_height,5.6,,,,,,,,,,,,,
Ventilation_terrain_class,Suburban,,,,,,,,,,,,,
Ventilation_ventilation_zone_base_height,0,,,,,,,,,,,,,
BuildingLength,8.9,,,,,,,,,,,,,
BuildingWidth,4,,,,,,,,,,,,,
NumberOfHabitableRooms,3,,,,,,,,,,,,,
NumberOfHotTappedRooms,2,,,,,,,,,,,,,
NumberOfUtilityRooms,0,,,,,,,,,,,,,
NumberOfBathrooms,1,,,,,,,,,,,,,
NumberOfSanitaryAccommodations,1,,,,,,,,,,,,,
KitchenExtractorHoodExternal,TRUE,,,,,,,,,,,,,
General_build_type,house,,,,,,,,,,,,,
General_storeys_in_dwelling,2,,,,,,,,,,,,,
,,,,,,,,,,,,
Zone,,,,,,,,,,,,,
Name,Type,volume,floor_area,height,simplified thermal bridging,livingroom_area,restofdwelling_area
Zone 1,Zone,199.36,71.2,2.8,TRUE,28.91,42.29

Space Labels,,,,,,,,,,,,,,
Name,Zone,storey,room_type,coords,height_override,extra_json
Hall,Zone 1,0,hall,"-29.500,-6.500,0.000|-28.500,-6.500,0.000|-28.200,-6.500,0.000|-28.200,-5.200,0.000|-28.800,-5.200,0.000|-28.800,-2.100,0.000|-29.700,-2.100,0.000|-29.700,-6.500,0.000",,"{""inference_wall_print"":""0|-25.700000000000003,-0.8|-27.200000000000003,-0.8#0|-25.700000000000003,-2.1|-29.700000000000003,-2.1#0|-25.700000000000003,-6.5|-25.700000000000003,2.4000000000000004#0|-25.700000000000003,-6.5|-29.700000000000003,-6.5#0|-25.700000000000003,2.4000000000000004|-29.700000000000003,2.4000000000000004#0|-27.200000000000003,-0.8|-27.200000000000003,-2.1#0|-28.200000000000003,-5.2|-28.200000000000003,-6.5#0|-28.200000000000003,-5.2|-28.8,-5.2#0|-28.3,2.4000000000000004|-29.400000000000002,2.4000000000000004#0|-28.5,-6.5|-29.5,-6.5#0|-28.8,-2.1|-28.8,-5.2#0|-29.700000000000003,-6.5|-29.700000000000003,2.4000000000000004#1|-25.700000000000003,12.3|-28.900000000000002,12.3#1|-25.700000000000003,14.600000000000001|-29.700000000000003,14.600000000000001#1|-25.700000000000003,18.1|-25.700000000000003,9.200000000000001#1|-25.700000000000003,18.1|-29.700000000000003,18.1#1|-25.700000000000003,9.200000000000001|-29.700000000000003,9.200000000000001#1|-27.700000000000003,12.200000000000001|-27.700000000000003,14.600000000000001#1|-28.900000000000002,10.5|-28.900000000000002,13.5#1|-28.900000000000002,10.5|-29.700000000000003,10.5#1|-28.900000000000002,13.5|-29.700000000000003,13.5#1|-29.700000000000003,18.1|-29.700000000000003,9.200000000000001"",""space_label_source"":""inferred""}"
Kitchen,Zone 1,0,kitchen,"-29.700,2.400,0.000|-29.700,-2.100,0.000|-28.800,-2.100,0.000|-27.200,-2.100,0.000|-27.200,-0.800,0.000|-25.700,-0.800,0.000|-25.700,2.400,0.000|-28.300,2.400,0.000|-29.400,2.400,0.000",,"{""inference_wall_print"":""0|-25.700000000000003,-0.8|-27.200000000000003,-0.8#0|-25.700000000000003,-2.1|-29.700000000000003,-2.1#0|-25.700000000000003,-6.5|-25.700000000000003,2.4000000000000004#0|-25.700000000000003,-6.5|-29.700000000000003,-6.5#0|-25.700000000000003,2.4000000000000004|-29.700000000000003,2.4000000000000004#0|-27.200000000000003,-0.8|-27.200000000000003,-2.1#0|-28.200000000000003,-5.2|-28.200000000000003,-6.5#0|-28.200000000000003,-5.2|-28.8,-5.2#0|-28.3,2.4000000000000004|-29.400000000000002,2.4000000000000004#0|-28.5,-6.5|-29.5,-6.5#0|-28.8,-2.1|-28.8,-5.2#0|-29.700000000000003,-6.5|-29.700000000000003,2.4000000000000004#1|-25.700000000000003,12.3|-28.900000000000002,12.3#1|-25.700000000000003,14.600000000000001|-29.700000000000003,14.600000000000001#1|-25.700000000000003,18.1|-25.700000000000003,9.200000000000001#1|-25.700000000000003,18.1|-29.700000000000003,18.1#1|-25.700000000000003,9.200000000000001|-29.700000000000003,9.200000000000001#1|-27.700000000000003,12.200000000000001|-27.700000000000003,14.600000000000001#1|-28.900000000000002,10.5|-28.900000000000002,13.5#1|-28.900000000000002,10.5|-29.700000000000003,10.5#1|-28.900000000000002,13.5|-29.700000000000003,13.5#1|-29.700000000000003,18.1|-29.700000000000003,9.200000000000001"",""space_label_source"":""inferred""}"
Living Room,Zone 1,0,living_room,"-25.700,-6.500,0.000|-25.700,-2.100,0.000|-27.200,-2.100,0.000|-28.800,-2.100,0.000|-28.800,-5.200,0.000|-28.200,-5.200,0.000|-28.200,-6.500,0.000",,"{""inference_wall_print"":""0|-25.700000000000003,-0.8|-27.200000000000003,-0.8#0|-25.700000000000003,-2.1|-29.700000000000003,-2.1#0|-25.700000000000003,-6.5|-25.700000000000003,2.4000000000000004#0|-25.700000000000003,-6.5|-29.700000000000003,-6.5#0|-25.700000000000003,2.4000000000000004|-29.700000000000003,2.4000000000000004#0|-27.200000000000003,-0.8|-27.200000000000003,-2.1#0|-28.200000000000003,-5.2|-28.200000000000003,-6.5#0|-28.200000000000003,-5.2|-28.8,-5.2#0|-28.3,2.4000000000000004|-29.400000000000002,2.4000000000000004#0|-28.5,-6.5|-29.5,-6.5#0|-28.8,-2.1|-28.8,-5.2#0|-29.700000000000003,-6.5|-29.700000000000003,2.4000000000000004#1|-25.700000000000003,12.3|-28.900000000000002,12.3#1|-25.700000000000003,14.600000000000001|-29.700000000000003,14.600000000000001#1|-25.700000000000003,18.1|-25.700000000000003,9.200000000000001#1|-25.700000000000003,18.1|-29.700000000000003,18.1#1|-25.700000000000003,9.200000000000001|-29.700000000000003,9.200000000000001#1|-27.700000000000003,12.200000000000001|-27.700000000000003,14.600000000000001#1|-28.900000000000002,10.5|-28.900000000000002,13.5#1|-28.900000000000002,10.5|-29.700000000000003,10.5#1|-28.900000000000002,13.5|-29.700000000000003,13.5#1|-29.700000000000003,18.1|-29.700000000000003,9.200000000000001"",""space_label_source"":""inferred""}"
Wc,Zone 1,0,wc,"-25.700,-0.800,0.000|-27.200,-0.800,0.000|-27.200,-2.100,0.000|-25.700,-2.100,0.000",,"{""inference_wall_print"":""0|-25.700000000000003,-0.8|-27.200000000000003,-0.8#0|-25.700000000000003,-2.1|-29.700000000000003,-2.1#0|-25.700000000000003,-6.5|-25.700000000000003,2.4000000000000004#0|-25.700000000000003,-6.5|-29.700000000000003,-6.5#0|-25.700000000000003,2.4000000000000004|-29.700000000000003,2.4000000000000004#0|-27.200000000000003,-0.8|-27.200000000000003,-2.1#0|-28.200000000000003,-5.2|-28.200000000000003,-6.5#0|-28.200000000000003,-5.2|-28.8,-5.2#0|-28.3,2.4000000000000004|-29.400000000000002,2.4000000000000004#0|-28.5,-6.5|-29.5,-6.5#0|-28.8,-2.1|-28.8,-5.2#0|-29.700000000000003,-6.5|-29.700000000000003,2.4000000000000004#1|-25.700000000000003,12.3|-28.900000000000002,12.3#1|-25.700000000000003,14.600000000000001|-29.700000000000003,14.600000000000001#1|-25.700000000000003,18.1|-25.700000000000003,9.200000000000001#1|-25.700000000000003,18.1|-29.700000000000003,18.1#1|-25.700000000000003,9.200000000000001|-29.700000000000003,9.200000000000001#1|-27.700000000000003,12.200000000000001|-27.700000000000003,14.600000000000001#1|-28.900000000000002,10.5|-28.900000000000002,13.5#1|-28.900000000000002,10.5|-29.700000000000003,10.5#1|-28.900000000000002,13.5|-29.700000000000003,13.5#1|-29.700000000000003,18.1|-29.700000000000003,9.200000000000001"",""space_label_source"":""inferred""}"
Void,Zone 1,1,void,"-29.700,10.500,1.000|-28.900,10.500,1.000|-28.900,12.300,1.000|-28.900,13.500,1.000|-29.700,13.500,1.000",,"{""inference_wall_print"":""0|-25.700000000000003,-0.8|-27.200000000000003,-0.8#0|-25.700000000000003,-2.1|-29.700000000000003,-2.1#0|-25.700000000000003,-6.5|-25.700000000000003,2.4000000000000004#0|-25.700000000000003,-6.5|-29.700000000000003,-6.5#0|-25.700000000000003,2.4000000000000004|-29.700000000000003,2.4000000000000004#0|-27.200000000000003,-0.8|-27.200000000000003,-2.1#0|-28.200000000000003,-5.2|-28.200000000000003,-6.5#0|-28.200000000000003,-5.2|-28.8,-5.2#0|-28.3,2.4000000000000004|-29.400000000000002,2.4000000000000004#0|-28.5,-6.5|-29.5,-6.5#0|-28.8,-2.1|-28.8,-5.2#0|-29.700000000000003,-6.5|-29.700000000000003,2.4000000000000004#1|-25.700000000000003,12.3|-28.900000000000002,12.3#1|-25.700000000000003,14.600000000000001|-29.700000000000003,14.600000000000001#1|-25.700000000000003,18.1|-25.700000000000003,9.200000000000001#1|-25.700000000000003,18.1|-29.700000000000003,18.1#1|-25.700000000000003,9.200000000000001|-29.700000000000003,9.200000000000001#1|-27.700000000000003,12.200000000000001|-27.700000000000003,14.600000000000001#1|-28.900000000000002,10.5|-28.900000000000002,13.5#1|-28.900000000000002,10.5|-29.700000000000003,10.5#1|-28.900000000000002,13.5|-29.700000000000003,13.5#1|-29.700000000000003,18.1|-29.700000000000003,9.200000000000001"",""space_label_source"":""inferred""}"
Hall 1,Zone 1,1,hall,"-29.700,13.500,1.000|-28.900,13.500,1.000|-28.900,12.300,1.000|-27.700,12.300,1.000|-27.700,14.600,1.000|-29.700,14.600,1.000",,"{""inference_wall_print"":""0|-25.700000000000003,-0.8|-27.200000000000003,-0.8#0|-25.700000000000003,-2.1|-29.700000000000003,-2.1#0|-25.700000000000003,-6.5|-25.700000000000003,2.4000000000000004#0|-25.700000000000003,-6.5|-29.700000000000003,-6.5#0|-25.700000000000003,2.4000000000000004|-29.700000000000003,2.4000000000000004#0|-27.200000000000003,-0.8|-27.200000000000003,-2.1#0|-28.200000000000003,-5.2|-28.200000000000003,-6.5#0|-28.200000000000003,-5.2|-28.8,-5.2#0|-28.3,2.4000000000000004|-29.400000000000002,2.4000000000000004#0|-28.5,-6.5|-29.5,-6.5#0|-28.8,-2.1|-28.8,-5.2#0|-29.700000000000003,-6.5|-29.700000000000003,2.4000000000000004#1|-25.700000000000003,12.3|-28.900000000000002,12.3#1|-25.700000000000003,14.600000000000001|-29.700000000000003,14.600000000000001#1|-25.700000000000003,18.1|-25.700000000000003,9.200000000000001#1|-25.700000000000003,18.1|-29.700000000000003,18.1#1|-25.700000000000003,9.200000000000001|-29.700000000000003,9.200000000000001#1|-27.700000000000003,12.200000000000001|-27.700000000000003,14.600000000000001#1|-28.900000000000002,10.5|-28.900000000000002,13.5#1|-28.900000000000002,10.5|-29.700000000000003,10.5#1|-28.900000000000002,13.5|-29.700000000000003,13.5#1|-29.700000000000003,18.1|-29.700000000000003,9.200000000000001"",""space_label_source"":""inferred""}"
Bedroom,Zone 1,1,bedroom,"-25.700,9.200,1.000|-25.700,12.300,1.000|-27.700,12.300,1.000|-27.700,12.200,1.000|-27.700,12.300,1.000|-28.900,12.300,1.000|-28.900,10.500,1.000|-29.700,10.500,1.000|-29.700,9.200,1.000",,"{""inference_wall_print"":""0|-25.700000000000003,-0.8|-27.200000000000003,-0.8#0|-25.700000000000003,-2.1|-29.700000000000003,-2.1#0|-25.700000000000003,-6.5|-25.700000000000003,2.4000000000000004#0|-25.700000000000003,-6.5|-29.700000000000003,-6.5#0|-25.700000000000003,2.4000000000000004|-29.700000000000003,2.4000000000000004#0|-27.200000000000003,-0.8|-27.200000000000003,-2.1#0|-28.200000000000003,-5.2|-28.200000000000003,-6.5#0|-28.200000000000003,-5.2|-28.8,-5.2#0|-28.3,2.4000000000000004|-29.400000000000002,2.4000000000000004#0|-28.5,-6.5|-29.5,-6.5#0|-28.8,-2.1|-28.8,-5.2#0|-29.700000000000003,-6.5|-29.700000000000003,2.4000000000000004#1|-25.700000000000003,12.3|-28.900000000000002,12.3#1|-25.700000000000003,14.600000000000001|-29.700000000000003,14.600000000000001#1|-25.700000000000003,18.1|-25.700000000000003,9.200000000000001#1|-25.700000000000003,18.1|-29.700000000000003,18.1#1|-25.700000000000003,9.200000000000001|-29.700000000000003,9.200000000000001#1|-27.700000000000003,12.200000000000001|-27.700000000000003,14.600000000000001#1|-28.900000000000002,10.5|-28.900000000000002,13.5#1|-28.900000000000002,10.5|-29.700000000000003,10.5#1|-28.900000000000002,13.5|-29.700000000000003,13.5#1|-29.700000000000003,18.1|-29.700000000000003,9.200000000000001"",""space_label_source"":""inferred""}"
Bedroom 1,Zone 1,1,bedroom,"-29.700,18.100,1.000|-29.700,14.600,1.000|-27.700,14.600,1.000|-25.700,14.600,1.000|-25.700,18.100,1.000",,"{""inference_wall_print"":""0|-25.700000000000003,-0.8|-27.200000000000003,-0.8#0|-25.700000000000003,-2.1|-29.700000000000003,-2.1#0|-25.700000000000003,-6.5|-25.700000000000003,2.4000000000000004#0|-25.700000000000003,-6.5|-29.700000000000003,-6.5#0|-25.700000000000003,2.4000000000000004|-29.700000000000003,2.4000000000000004#0|-27.200000000000003,-0.8|-27.200000000000003,-2.1#0|-28.200000000000003,-5.2|-28.200000000000003,-6.5#0|-28.200000000000003,-5.2|-28.8,-5.2#0|-28.3,2.4000000000000004|-29.400000000000002,2.4000000000000004#0|-28.5,-6.5|-29.5,-6.5#0|-28.8,-2.1|-28.8,-5.2#0|-29.700000000000003,-6.5|-29.700000000000003,2.4000000000000004#1|-25.700000000000003,12.3|-28.900000000000002,12.3#1|-25.700000000000003,14.600000000000001|-29.700000000000003,14.600000000000001#1|-25.700000000000003,18.1|-25.700000000000003,9.200000000000001#1|-25.700000000000003,18.1|-29.700000000000003,18.1#1|-25.700000000000003,9.200000000000001|-29.700000000000003,9.200000000000001#1|-27.700000000000003,12.200000000000001|-27.700000000000003,14.600000000000001#1|-28.900000000000002,10.5|-28.900000000000002,13.5#1|-28.900000000000002,10.5|-29.700000000000003,10.5#1|-28.900000000000002,13.5|-29.700000000000003,13.5#1|-29.700000000000003,18.1|-29.700000000000003,9.200000000000001"",""space_label_source"":""inferred""}"
Bathroom,Zone 1,1,bathroom,"-25.700,14.600,1.000|-27.700,14.600,1.000|-27.700,12.300,1.000|-25.700,12.300,1.000",,"{""inference_wall_print"":""0|-25.700000000000003,-0.8|-27.200000000000003,-0.8#0|-25.700000000000003,-2.1|-29.700000000000003,-2.1#0|-25.700000000000003,-6.5|-25.700000000000003,2.4000000000000004#0|-25.700000000000003,-6.5|-29.700000000000003,-6.5#0|-25.700000000000003,2.4000000000000004|-29.700000000000003,2.4000000000000004#0|-27.200000000000003,-0.8|-27.200000000000003,-2.1#0|-28.200000000000003,-5.2|-28.200000000000003,-6.5#0|-28.200000000000003,-5.2|-28.8,-5.2#0|-28.3,2.4000000000000004|-29.400000000000002,2.4000000000000004#0|-28.5,-6.5|-29.5,-6.5#0|-28.8,-2.1|-28.8,-5.2#0|-29.700000000000003,-6.5|-29.700000000000003,2.4000000000000004#1|-25.700000000000003,12.3|-28.900000000000002,12.3#1|-25.700000000000003,14.600000000000001|-29.700000000000003,14.600000000000001#1|-25.700000000000003,18.1|-25.700000000000003,9.200000000000001#1|-25.700000000000003,18.1|-29.700000000000003,18.1#1|-25.700000000000003,9.200000000000001|-29.700000000000003,9.200000000000001#1|-27.700000000000003,12.200000000000001|-27.700000000000003,14.600000000000001#1|-28.900000000000002,10.5|-28.900000000000002,13.5#1|-28.900000000000002,10.5|-29.700000000000003,10.5#1|-28.900000000000002,13.5|-29.700000000000003,13.5#1|-29.700000000000003,18.1|-29.700000000000003,9.200000000000001"",""space_label_source"":""inferred""}"

Exposed Elements,,,,,,,,,,,,,,
Name,Zone,Type,area,pitch,width,height,orientation360,base_height,is_unheated_pitched_roof,is_external_door,parent_element,coords,extra_json
Wall (S),Zone 1,BuildingElementOpaque,6.65,90,4,2.8,180,0,FALSE,FALSE,,"-29.700,-6.470,0.000|-25.700,-6.470,0.000","{}"
Wall (N),Zone 1,BuildingElementOpaque,7.36,,4,2.8,0,0,FALSE,FALSE,,"-25.700,2.430,0.000|-29.700,2.430,0.000",
Wall (W),Zone 1,BuildingElementOpaque,24.92,90,8.9,2.8,270,0,FALSE,FALSE,,"-29.700,2.430,0.000|-29.700,-6.470,0.000","{}"
Door,Zone 1,BuildingElementOpaque,2.21,,1.05,2.1,180,0,FALSE,TRUE,Wall (S),"-29.540,-6.470,0.000|-28.490,-6.470,0.000","{}"
Door 1,Zone 1,BuildingElementOpaque,2.21,,1.05,2.1,0,0,FALSE,TRUE,Wall (N),"-28.325,2.430,0.000|-29.375,2.430,0.000","{}"
Wall (S) 1,Zone 1,BuildingElementOpaque,9.09,90,4,2.8,180,2.8,FALSE,FALSE,,"-29.709,-6.501,1.000|-25.709,-6.501,1.000","{}"
Wall (N) 1,Zone 1,BuildingElementOpaque,9.21,90,4,2.8,0,2.8,FALSE,FALSE,,"-25.709,2.399,1.000|-29.709,2.399,1.000",
Wall (W) 1,Zone 1,BuildingElementOpaque,24.42,90,8.9,2.8,270,2.8,FALSE,FALSE,,"-29.709,2.399,1.000|-29.709,-6.501,1.000","{}"
Pitched Roof (S),Zone 1,BuildingElementOpaque,23.21,40,4.22,4.22,180,5.6,TRUE,FALSE,,"-29.679,-6.500,2.000|-25.685,-6.500,2.000|-25.685,-2.050,2.000|-29.681,-2.050,2.000","{}"
Pitched Roof (N),Zone 1,BuildingElementOpaque,23.22,40,4.22,4.22,0,5.6,TRUE,FALSE,,"-25.679,2.400,2.000|-29.679,2.400,2.000|-29.681,-2.050,2.000|-25.685,-2.050,2.000","{}"

Window Elements,,,,,,,,,,,,,,
Name,Zone,Type,area,pitch,width,height,orientation360,base_height,linked_wall,frame_area_fraction,free_area_height,mid_height,max_window_open_area,coords,extra_json
Window,Zone 1,BuildingElementTransparent,1.61,,1.24,1.3,180,1,Wall (S),0.25,0.95,1.65,0.8,"-27.505,-6.470,0.000|-26.265,-6.470,0.000","{""security_risk"":true,""window_part_list"":[{""mid_height_air_flow_path"":1.5}]}"
Window 1,Zone 1,BuildingElementTransparent,0.9,,0.9,1,0,1,Wall (N),0.1,0.95,1.5,0.86,"-26.446,2.430,0.000|-27.346,2.430,0.000","{""security_risk"":true,""window_part_list"":[{""mid_height_air_flow_path"":1.5}]}"
Window 2,Zone 1,BuildingElementTransparent,0.75,90,0.68,1.1,180,3.8,Wall (S) 1,0.1,0.95,4.35,0.7,"-28.989,-6.501,1.000|-28.309,-6.501,1.000","{""security_risk"":false,""window_part_list"":[{""mid_height_air_flow_path"":3.8}]}"
Window 1 1,Zone 1,BuildingElementTransparent,1.99,90,1.81,1.1,0,3.8,Wall (N) 1,0.25,0.95,4.35,1.2,"-26.968,2.399,1.000|-28.778,2.399,1.000","{""security_risk"":false,""window_part_list"":[{""mid_height_air_flow_path"":4.35},{""mid_height_air_flow_path"":4.35}]}"
Window 2 1,Zone 1,BuildingElementTransparent,0.5,90,0.45,1.1,270,3.8,Wall (W) 1,0.1,0.95,4.35,0.43,"-29.709,-2.555,1.000|-29.709,-3.005,1.000","{""security_risk"":false,""window_part_list"":[{""mid_height_air_flow_path"":3.8}]}"
Window 2 2,Zone 1,BuildingElementTransparent,1.36,90,1.24,1.1,180,3.8,Wall (S) 1,0.1,0.95,4.35,0.65,"-27.481,-6.501,1.000|-26.241,-6.501,1.000","{""security_risk"":false,""window_part_list"":[{""mid_height_air_flow_path"":3.8}]}"

Window Shading,,,,,,,,,,,,,,
Name,Zone,Type,linked_window,depth,height,distance,transparency,coords,extra_json
Window Reveal Overhang,Zone 1,overhang,Window,0.1,,0.1,,"-26.885,-6.470,0.000","{}"
Window Reveal Left Fin,Zone 1,sidefinleft,Window,0.1,,0.1,,"-26.885,-6.470,0.000","{}"
Window Reveal Right Fin,Zone 1,sidefinright,Window,0.1,,0.1,,"-26.885,-6.470,0.000","{}"
Window 1 Reveal Overhang,Zone 1,overhang,Window 1,0.1,,0.1,,"-26.896,2.430,0.000","{}"
Window 1 Reveal Left Fin,Zone 1,sidefinleft,Window 1,0.1,,0.1,,"-26.896,2.430,0.000","{}"
Window 1 Reveal Right Fin,Zone 1,sidefinright,Window 1,0.1,,0.1,,"-26.896,2.430,0.000","{}"
Window 2 Reveal Overhang,Zone 1,overhang,Window 2,0.1,,0.1,,"-28.649,-6.501,1.000","{}"
Window 2 Reveal Left Fin,Zone 1,sidefinleft,Window 2,0.1,,0.1,,"-28.649,-6.501,1.000","{}"
Window 2 Reveal Right Fin,Zone 1,sidefinright,Window 2,0.1,,0.1,,"-28.649,-6.501,1.000","{}"
Window 1 1 Reveal Overhang,Zone 1,overhang,Window 1 1,0.1,,0.1,,"-27.873,2.399,1.000","{}"
Window 1 1 Reveal Left Fin,Zone 1,sidefinleft,Window 1 1,0.1,,0.1,,"-27.873,2.399,1.000","{}"
Window 1 1 Reveal Right Fin,Zone 1,sidefinright,Window 1 1,0.1,,0.1,,"-27.873,2.399,1.000","{}"
Window 2 1 Reveal Overhang,Zone 1,overhang,Window 2 1,0.1,,0.1,,"-29.709,-2.780,1.000","{}"
Window 2 1 Reveal Left Fin,Zone 1,sidefinleft,Window 2 1,0.1,,0.1,,"-29.709,-2.780,1.000","{}"
Window 2 1 Reveal Right Fin,Zone 1,sidefinright,Window 2 1,0.1,,0.1,,"-29.709,-2.780,1.000","{}"
Window 2 2 Reveal Overhang,Zone 1,overhang,Window 2 2,0.1,,0.1,,"-26.861,-6.501,1.000","{}"
Window 2 2 Reveal Left Fin,Zone 1,sidefinleft,Window 2 2,0.1,,0.1,,"-26.861,-6.501,1.000","{}"
Window 2 2 Reveal Right Fin,Zone 1,sidefinright,Window 2 2,0.1,,0.1,,"-26.861,-6.501,1.000","{}"

Lighting,,,,,,,,,,,,,
Name,Zone,efficacy,count,power,coords,extra_json
Light,Zone 1,80,1,10,"-26.700,1.164,0.000","{}"
Light 1,Zone 1,80,1,10,"-28.129,-0.017,0.000","{}"
Light 2,Zone 1,80,1,10,"-28.953,-5.735,0.000","{}"
Light 3,Zone 1,80,1,10,"-27.399,-4.290,0.000","{}"
Light 4,Zone 1,80,1,10,"-28.385,-2.010,1.000","{}"
Light 1 1,Zone 1,80,1,10,"-28.068,0.557,1.000","{}"
Light 3 1,Zone 1,80,1,10,"-27.385,-5.066,1.000","{}"
Light 4 1,Zone 1,80,1,10,"-27.245,-1.913,1.000","{}"

Ground Elements,,,,,,,,,,,,,
Name,Zone,Type,area,width,height,perimeter,floor_type,depth_basement_floor,thickness_walls,parent_element,coords,extra_json
Floor,Zone 1,BuildingElementGround,35.6,,,16.9,Slab_no_edge_insulation,,,,"-29.700,-6.470,0.000|-25.700,-6.470,0.000|-25.700,2.430,0.000|-29.700,2.430,0.000","{}"

Non-Exposed Elements,,,,,,,,,,,
Name,Zone,Type,area,pitch,width,height,base_height,parent_element,coords,extra_json
Party Wall (E),Zone 1,BuildingElementPartyWall,24.92,90,8.9,2.8,,,"-25.700,-6.470,0.000|-25.700,2.430,0.000","{""party_wall_cavity_type"":""solid""}"
Internal Wall (S),Zone 1,BuildingElementAdjacentConditionedSpace,22.37,90,4,2.8,,,"-29.700,-2.084,0.000|-25.705,-2.115,0.000","{}"
Internal Wall (E),Zone 1,BuildingElementAdjacentConditionedSpace,7.25,,1.29,2.8,,,"-28.160,-6.470,0.000|-28.160,-5.176,0.000","{}"
Internal Wall (N),Zone 1,BuildingElementAdjacentConditionedSpace,3.75,,0.67,2.8,,,"-28.160,-5.176,0.000|-28.829,-5.176,0.000","{}"
Internal Wall (E) 1,Zone 1,BuildingElementAdjacentConditionedSpace,17.23,,3.08,2.8,,,"-28.829,-5.176,0.000|-28.829,-2.099,0.000","{}"
Internal Wall (N) 1,Zone 1,BuildingElementAdjacentConditionedSpace,8.27,,1.48,2.8,,,"-25.721,-0.825,0.000|-27.197,-0.825,0.000","{}"
Internal Wall (W),Zone 1,BuildingElementAdjacentConditionedSpace,7.31,90,1.31,2.8,,,"-27.197,-0.825,0.000|-27.197,-2.130,0.000","{}"
Party Wall (E) 1,Zone 1,BuildingElementPartyWall,24.92,90,8.9,2.8,,,"-25.709,-6.501,1.000|-25.709,2.399,1.000","{""party_wall_cavity_type"":""solid""}"
Internal Ceiling,Zone 1,BuildingElementAdjacentConditionedSpace,71.2,180,8.44,8.44,,,"-29.709,2.399,1.000|-29.709,-6.501,1.000|-28.838,-6.501,1.000|-25.709,-6.501,1.000|-25.709,2.399,1.000","{}"
Internal Wall (S) 1,Zone 1,BuildingElementAdjacentConditionedSpace,17.75,90,3.17,2.8,,,"-28.898,-3.483,1.000|-25.729,-3.483,1.000","{}"
Internal Wall (N) 2,Zone 1,BuildingElementAdjacentConditionedSpace,22.13,90,3.95,2.8,,,"-25.749,-1.150,1.000|-29.700,-1.150,1.000","{}"
Internal Wall (S) 2,Zone 1,BuildingElementAdjacentConditionedSpace,4.48,90,0.8,2.8,,,"-29.680,-2.280,1.000|-28.880,-2.280,1.000","{}"
Internal Wall (W) 1,Zone 1,BuildingElementAdjacentConditionedSpace,16.35,90,2.92,2.8,,,"-28.880,-2.280,1.000|-28.880,-5.200,1.000","{}"
Internal Wall (N) 3,Zone 1,BuildingElementAdjacentConditionedSpace,4.82,90,0.86,2.8,,,"-28.880,-5.200,1.000|-29.740,-5.200,1.000","{}"
Internal Wall (W) 2,Zone 1,BuildingElementAdjacentConditionedSpace,13.78,90,2.46,2.8,,,"-27.740,-1.120,1.000|-27.740,-3.580,1.000","{}"

Ventilation Systems,,,,,,,,,,,,
Name,Type,length,duct_type,parent_element,mid_height_air_flow_path,area_cm2,orientation360,pitch,vent_type,coords,extra_json
Background Vent 1,Vents,,,Window,1.5,225,180,90,,"-26.885,-6.470,0.000","{}"
Background Vent 2,Vents,,,Window 1,1.5,225,0,90,,"-26.896,2.430,0.000","{}"
Background Vent 3,Vents,,,Window 2,3.8,225,180,90,,"-28.649,-6.501,1.000","{}"
Background Vent 4,Vents,,,Window 1 1,4.35,225,0,90,,"-27.873,2.399,1.000","{}"
Background Vent 5,Vents,,,Window 2 1,3.8,225,270,90,,"-29.709,-2.780,1.000","{}"
Background Vent 6,Vents,,,Window 2 2,3.8,225,180,90,,"-26.861,-6.501,1.000","{}"
Centralised Continuous MEV,MechanicalVentilation,,,,2.7,,0,180,Centralised continuous MEV,"-29.086,1.835,0.000","{""EnergySupply"":""mains elec"",""design_outdoor_air_flow_rate"":120,""measured_fan_power"":44.16,""measured_air_flow_rate"":120,""design_zone_cooling_covered_by_mech_vent"":3.4,""design_zone_heating_covered_by_mech_vent"":1}"

Water Pipework,,,,,,,,
Name,Type,length,location,pipework_type,coords,extra_json
Pipe,WaterPipework,5.08,internal,primary,"-29.570,2.430,0.000|-29.570,-2.650,0.000","{""floor_id"":0}"
Pipe 1,WaterPipework,1.04,external,primary,"-29.570,3.470,0.000|-29.570,2.430,0.000","{""floor_id"":0}"

Wet Emitters,,,,,,,,,
Name,Zone,Type,subcategory,area,unit_number,space_heat_system,coords,extra_json
Underfloor Heating,Zone 1,WetEmitter,ufh,8.89,,Zone 1 circuit,"-29.426,2.055,0.000|-29.426,-1.785,0.000|-27.546,-1.785,0.000|-27.545,-0.526,0.000|-26.505,-0.525,0.000|-26.505,1.455,0.000|-28.206,1.455,0.000|-28.206,2.075,0.000","{""emitter_floor_area"":8.89,""equivalent_specific_thermal_mass"":95,""system_performance_factor"":4.8,""frac_convective"":0.45}"
Underfloor Heating 1,Zone 1,WetEmitter,ufh,7.62,,Zone 1 circuit,"-28.426,-2.485,0.000|-28.426,-4.745,0.000|-27.826,-4.746,0.000|-27.825,-6.046,0.000|-26.065,-6.046,0.000|-26.065,-2.485,0.000","{""emitter_floor_area"":7.62,""equivalent_specific_thermal_mass"":95,""system_performance_factor"":4.8,""frac_convective"":0.45}"
Radiator,Zone 1,WetEmitter,radiator,,1,Zone 1 circuit,"-27.766,-6.205,1.000|-26.326,-6.205,1.000","{""c_per_m"":0.0112,""length"":1.44,""thermal_mass_per_m"":0.019,""frac_convective"":0.92}"
Radiator 1,Zone 1,WetEmitter,radiator,,1,Zone 1 circuit,"-27.666,-0.746,1.000|-26.226,-0.746,1.000","{""c_per_m"":0.0112,""length"":1.44,""thermal_mass_per_m"":0.019,""frac_convective"":0.92}"
Radiator 1 1,Zone 1,WetEmitter,radiator,,1,Zone 1 circuit,"-27.046,-1.406,1.000|-26.465,-1.406,1.000","{""c_per_m"":0.0112,""length"":0.58,""thermal_mass_per_m"":0.019,""frac_convective"":0.92}"

Appliances,,,,
Name,Type,appliancekey,coords
Hobs,Appliance,Hobs,"-26.047,0.791,0.000"
Dishwasher,Appliance,Dishwasher,"-26.044,1.338,0.000"
Fridge Freezer,Appliance,Fridge-Freezer,"-26.042,-0.369,0.000"

Hot Water Outlets,,,,,,,,
Name,Type,subcategory,flowrate,size,rated_power,allow_low_flowrate,coords
Tap,HotWaterDemand,OtherWaterUseDetails,6,,,,"-26.808,1.910,0.000"
Tap 1,HotWaterDemand,OtherWaterUseDetails,6,,,,"-26.744,-1.848,0.000"
Bath,HotWaterDemand,Bath,,100,,,"-26.803,-2.979,1.000"
Tap 2,HotWaterDemand,OtherWaterUseDetails,6,100,,,"-26.161,-2.313,1.000"
Shower,HotWaterDemand,MixerShower,8,,,FALSE,"-26.660,-0.965,0.000"

Systems,,,,,,,
Name,Zone,Type,subcategory,system_preset,coords,extra_json
Heat Pump,Zone 1,System,HeatSourceWet,hp_large,"-29.566,3.815,0.000","{""HeatSourceWet"":{""hp"":{""EnergySupply"":""mains elec"",""backup_ctrl_type"":""TopUp"",""min_modulation_rate_35"":0.43166666667,""min_modulation_rate_55"":0.64640883978,""min_temp_diff_flow_return_for_hp_to_operate"":0,""modulating_control"":true,""power_crankcase_heater"":0.01,""power_heating_circ_pump"":0.015,""power_off"":0.007,""power_source_circ_pump"":0.01,""power_standby"":0.008,""sink_type"":""Water"",""source_type"":""OutsideAir"",""temp_lower_operating_limit"":-15,""temp_return_feed_max"":70,""test_data_EN14825"":[{""capacity"":7.08,""cop"":2.69,""design_flow_temp"":35,""temp_outlet"":34,""temp_source"":-7,""temp_test"":-7,""test_letter"":""A""},{""capacity"":5.85,""cop"":4.24,""design_flow_temp"":35,""temp_outlet"":30,""temp_source"":2,""temp_test"":2,""test_letter"":""B""},{""capacity"":3.885,""cop"":5.75,""design_flow_temp"":35,""temp_outlet"":27,""temp_source"":7,""temp_test"":7,""test_letter"":""C""},{""capacity"":3.915,""cop"":7.27,""design_flow_temp"":35,""temp_outlet"":24,""temp_source"":12,""temp_test"":12,""test_letter"":""D""},{""capacity"":7.050000000000001,""cop"":2.29,""design_flow_temp"":35,""temp_outlet"":35,""temp_source"":-10,""temp_test"":-10,""test_letter"":""F""},{""capacity"":6.75,""cop"":2.02,""design_flow_temp"":55,""temp_outlet"":52,""temp_source"":-7,""temp_test"":-7,""test_letter"":""A""},{""capacity"":6.645,""cop"":3.17,""design_flow_temp"":55,""temp_outlet"":42,""temp_source"":3,""temp_test"":2,""test_letter"":""B""},{""capacity"":5.265,""cop"":4.2,""design_flow_temp"":55,""temp_outlet"":36,""temp_source"":7,""temp_test"":7,""test_letter"":""C""},{""capacity"":4.92,""cop"":5.82,""design_flow_temp"":55,""temp_outlet"":30,""temp_source"":12,""temp_test"":12,""test_letter"":""D""},{""capacity"":6.93,""cop"":1.74,""design_flow_temp"":55,""temp_outlet"":55,""temp_source"":-10,""temp_test"":-10,""test_letter"":""F""}],""time_constant_onoff_operation"":140,""power_max_backup"":5,""type"":""HeatPump"",""var_flow_temp_ctrl_during_test"":true}},""_system_source"":""presets""}"
Zone 1 circuit,Zone 1,System,SpaceHeatSystem,wet_distribution,"-29.186,3.155,0.000","{""SpaceHeatSystem"":{""Zone 1 circuit"":{""type"":""WetDistribution"",""Zone"":""Zone 1"",""emitters"":[],""temp_diff_emit_dsgn"":10,""variable_flow"":true,""min_flow_rate"":3,""max_flow_rate"":18,""HeatSource"":{""name"":""hp"",""temp_flow_limit_upper"":65},""ecodesign_controller"":{""ecodesign_control_class"":2,""min_outdoor_temp"":-4,""max_outdoor_temp"":20,""min_flow_temp"":30},""design_flow_temp"":55}},""_system_source"":""custom""}"
Storage Tank,Zone 1,System,HotWaterSource,heat_pump_cylinder,"-29.246,-2.665,0.000","{""HotWaterSource"":{""hw cylinder"":{""type"":""StorageTank"",""volume"":80,""daily_losses"":1.68,""init_temp"":55,""ColdWaterSource"":""mains water"",""HeatSource"":{""hp"":{""type"":""HeatSourceWet"",""name"":""hp"",""temp_flow_limit_upper"":65,""heater_position"":0.1,""thermostat_position"":0.33}},""primary_pipework"":[{""location"":""internal"",""internal_diameter_mm"":31,""external_diameter_mm"":33,""length"":3,""insulation_thermal_conductivity"":0.033,""insulation_thickness_mm"":36,""surface_reflectivity"":false,""pipe_contents"":""water""},{""location"":""external"",""internal_diameter_mm"":25,""external_diameter_mm"":28,""length"":4,""insulation_thermal_conductivity"":0.034,""insulation_thickness_mm"":40,""surface_reflectivity"":false,""pipe_contents"":""water""}]}},""_system_source"":""presets""}"
